[
    {
        "id": "d1e437a4ece2e4a9",
        "type": "template",
        "z": "bef8cb31fa94ca22",
        "name": "",
        "field": "payload",
        "fieldType": "msg",
        "format": "html",
        "syntax": "mustache",
        "template": "<!DOCTYPE html>\n<html lang=\"en\">\n<head>\n    <meta charset=\"utf-8\">\n    \n    <meta name=\"viewport\" content=\"width=device-width, initial-scale=1\">\n    <meta name=\"description\" content=\"\">\n    <meta name=\"author\" content=\"\">\n\n    <title>Tatu Bogdan - NEWS</title>\n\n    <link rel=\"stylesheet\" href=\"https://cdn.jsdelivr.net/npm/bootswatch@4.5.2/dist/lux/bootstrap.min.css\" integrity=\"sha384-9+PGKSqjRdkeAU7Eu4nkJU8RFaH8ace8HGXnkiKMP9I9Te0GJ4/km3L1Z8tXigpG\" crossorigin=\"anonymous\">\n</head>\n<body>\n    \n    <div class=\"container\">\n        <div><a href=\"/tatu/foods\" class=\"btn btn-primary\">back</a></div>\n        <div class=\"d-flex flex-column align-items-center\">\n            {{#payload}}\n                <h1>\n                    {{title}}\n                </h1>\n                <div>\n                    {{date}}\n                </div>\n                <br />\n                <br />\n                <div id=\"{{id}}\">\n                    {{{description}}}\n                </div>\n                <br />\n                <br />\n                <br />\n            {{/payload}}\n        </div>\n    </div>\n</body>\n</html>\n",
        "output": "str",
        "x": 1080,
        "y": 940,
        "wires": [
            [
                "0fd37c5a11afb238"
            ]
        ]
    }
]